pesada_id,cosecha_id,finca_id,cultivo_id,fecha,calidad,camion,kg
1,1,1,1,2026-03-20,primera,LRA-1101,1500
2,1,1,1,2026-03-20,primera,LRA-1102,1500
3,1,1,1,2026-03-20,primera,LRA-1101,1200
4,2,1,1,2026-04-18,segunda,LRA-1101,1600
5,2,1,1,2026-04-18,segunda,LRA-1102,1500
6,3,1,1,2026-03-22,primera,LRA-1101,1400
7,3,1,1,2026-03-22,primera,LRA-1102,1400
8,3,1,1,2026-03-22,primera,LRA-1101,1300
9,3,1,1,2026-03-22,primera,LRA-1102,1300
10,4,1,2,2026-04-22,primera,LRA-1102,1500
11,5,2,2,2026-04-05,primera,GYE-2201,1300
12,5,2,2,2026-04-05,primera,GYE-2201,1300
13,6,2,2,2026-04-26,segunda,GYE-2202,1850
14,7,2,5,2026-04-30,primera,GYE-2201,2500
15,7,2,5,2026-04-30,primera,GYE-2202,2500
16,7,2,5,2026-04-30,primera,GYE-2203,2400
17,7,2,5,2026-04-30,primera,GYE-2201,2400
18,8,3,3,2026-03-28,primera,MNB-3301,1200
19,9,3,3,2026-04-22,primera,MNB-3301,900
20,10,3,3,2025-01-24,primera,MNB-3301,1000
21,10,3,3,2025-01-24,primera,MNB-3301,1000
22,11,1,1,2025-02-17,primera,LRA-1101,1300
23,11,1,1,2025-02-17,primera,LRA-1102,1300
24,11,1,1,2025-02-17,primera,LRA-1101,1200
25,12,1,1,2025-03-14,primera,LRA-1101,1300
26,12,1,1,2025-03-14,primera,LRA-1102,1200
27,12,1,1,2025-03-14,primera,LRA-1101,1200
28,12,1,1,2025-03-14,primera,LRA-1102,1200
29,13,2,2,2025-03-27,segunda,GYE-2201,1700
30,13,2,2,2025-03-27,segunda,GYE-2202,1600
31,14,1,1,2025-04-09,primera,LRA-1102,1200
32,14,1,1,2025-04-09,primera,LRA-1102,1200
33,14,1,1,2025-04-09,primera,LRA-1102,1200
34,15,2,5,2025-04-28,primera,GYE-2201,2000
35,15,2,5,2025-04-28,primera,GYE-2203,2000
36,15,2,5,2025-04-28,primera,GYE-2201,1900
37,16,2,2,2025-05-16,primera,GYE-2202,1400
38,16,2,2,2025-05-16,primera,GYE-2202,1350
39,17,3,3,2025-05-30,segunda,MNB-3301,800
40,17,3,3,2025-05-30,segunda,MNB-3301,650
41,18,1,1,2025-06-21,primera,LRA-1101,1600
42,18,1,1,2025-06-21,primera,LRA-1102,1500
43,19,2,5,2025-07-08,primera,GYE-2203,1850
44,20,3,3,2025-07-25,primera,MNB-3301,1000
45,21,1,1,2025-08-19,primera,LRA-1101,1400
46,21,1,1,2025-08-19,primera,LRA-1102,1400
47,21,1,1,2025-08-19,primera,LRA-1101,1400
48,21,1,1,2025-08-19,primera,LRA-1102,1400
49,22,2,2,2025-09-11,segunda,GYE-2201,1800
50,23,3,3,2025-10-23,primera,MNB-3301,1100
51,23,3,3,2025-10-23,primera,MNB-3301,1050
52,23,3,3,2025-10-23,primera,MNB-3301,1000
53,24,2,5,2025-11-14,primera,GYE-2202,1600
54,25,3,3,2025-12-05,primera,MNB-3301,1200
